<?xml version="1.0" encoding="utf-8"?>
<GraphicalInterface>
  <P Name="NumRootInports">0</P>
  <P Name="NumRootOutports">0</P>
  <P Name="ParameterArgumentNames"/>
  <P Name="NumModelReferences">0</P>
  <P Name="NumTestPointedSignals">0</P>
  <P Name="NumProvidedFunctions">0</P>
  <P Name="NumRequiredFunctions">0</P>
  <P Name="NumResetEvents">0</P>
  <P Name="HasInitializeEvent">0</P>
  <P Name="HasTerminateEvent">0</P>
  <P Name="PreCompExecutionDomainType">Unset</P>
  <P Name="IsExportFunctionModel">0</P>
  <P Name="IsArchitectureModel">0</P>
  <P Name="IsAUTOSARArchitectureModel">0</P>
  <P Name="NumParameterArguments">0</P>
  <P Name="NumExternalFileReferences">27</P>
  <ExternalFileReference>
    <P Name="Reference">asbCubeSatBlockLib/CubeSat Vehicle</P>
    <P Name="Path">$bdroot/CubeSat Vehicle</P>
    <P Name="SID">3746</P>
    <P Name="Type">LIBRARY_BLOCK</P>
  </ExternalFileReference>
  <ExternalFileReference>
    <P Name="Reference">sharedtransform/Quaternions to 
Direction Cosine Matrix</P>
    <P Name="Path">$bdroot/Quaternions to  Direction Cosine Matrix</P>
    <P Name="SID">3790</P>
    <P Name="Type">LIBRARY_BLOCK</P>
  </ExternalFileReference>
  <ExternalFileReference>
    <P Name="Reference">simulink/Sources/Ramp</P>
    <P Name="Path">$bdroot/Ramp</P>
    <P Name="SID">3794</P>
    <P Name="Type">LIBRARY_BLOCK</P>
  </ExternalFileReference>
  <ExternalFileReference>
    <P Name="Reference">aerolibtransform2/ECEF Position to LLA</P>
    <P Name="Path">$bdroot/Scopes/ECEF Position to LLA</P>
    <P Name="SID">3044</P>
    <P Name="Type">LIBRARY_BLOCK</P>
  </ExternalFileReference>
  <ExternalFileReference>
    <P Name="Reference">sharedutil/3x3 Cross Product</P>
    <P Name="Path">$bdroot/Scopes/Estimate ECI PosVel/3x3 Cross Product</P>
    <P Name="SID">2944</P>
    <P Name="Type">LIBRARY_BLOCK</P>
  </ExternalFileReference>
  <ExternalFileReference>
    <P Name="Reference">aerolibutil/Quaternion
Inverse</P>
    <P Name="Path">$bdroot/Scopes/Estimate ECI PosVel/Quaternion Inverse</P>
    <P Name="SID">2946</P>
    <P Name="Type">LIBRARY_BLOCK</P>
  </ExternalFileReference>
  <ExternalFileReference>
    <P Name="Reference">aerolibutil/Quaternion
Rotation</P>
    <P Name="Path">$bdroot/Scopes/Estimate ECI PosVel/Quaternion Rotation</P>
    <P Name="SID">2947</P>
    <P Name="Type">LIBRARY_BLOCK</P>
  </ExternalFileReference>
  <ExternalFileReference>
    <P Name="Reference">aerolibutil/Quaternion
Rotation</P>
    <P Name="Path">$bdroot/Scopes/Estimate ECI PosVel/Quaternion Rotation1</P>
    <P Name="SID">2948</P>
    <P Name="Type">LIBRARY_BLOCK</P>
  </ExternalFileReference>
  <ExternalFileReference>
    <P Name="Reference">aerolibutil/Quaternion
Rotation</P>
    <P Name="Path">$bdroot/Scopes/Estimate ECI PosVel/Quaternion Rotation2</P>
    <P Name="SID">2949</P>
    <P Name="Type">LIBRARY_BLOCK</P>
  </ExternalFileReference>
  <ExternalFileReference>
    <P Name="Reference">aerolibutil/Quaternion
Rotation</P>
    <P Name="Path">$bdroot/Scopes/Estimate ECI PosVel/Quaternion Rotation3</P>
    <P Name="SID">2950</P>
    <P Name="Type">LIBRARY_BLOCK</P>
  </ExternalFileReference>
  <ExternalFileReference>
    <P Name="Reference">aerolibconvert2/Length Conversion</P>
    <P Name="Path">$bdroot/Simulink 3D Animation/Antenna Position to VRML/Length Conversion</P>
    <P Name="SID">3492</P>
    <P Name="Type">LIBRARY_BLOCK</P>
  </ExternalFileReference>
  <ExternalFileReference>
    <P Name="Reference">aerolibobsolete/Euler Angles to Quaternions</P>
    <P Name="Path">$bdroot/Simulink 3D Animation/Compute Earth Rotation Rate/Euler Angles to Quaternions</P>
    <P Name="SID">3416</P>
    <P Name="Type">LIBRARY_BLOCK</P>
  </ExternalFileReference>
  <ExternalFileReference>
    <P Name="Reference">aerolibconvert2/Length Conversion</P>
    <P Name="Path">$bdroot/Simulink 3D Animation/Length Conversion</P>
    <P Name="SID">3647</P>
    <P Name="Type">LIBRARY_BLOCK</P>
  </ExternalFileReference>
  <ExternalFileReference>
    <P Name="Reference">aerolibutil/Quaternion
Inverse</P>
    <P Name="Path">$bdroot/Simulink 3D Animation/Quaternion Inverse</P>
    <P Name="SID">3445</P>
    <P Name="Type">LIBRARY_BLOCK</P>
  </ExternalFileReference>
  <ExternalFileReference>
    <P Name="Reference">aerolibutil/Quaternion
Inverse</P>
    <P Name="Path">$bdroot/Simulink 3D Animation/Quaternion Inverse1</P>
    <P Name="SID">3446</P>
    <P Name="Type">LIBRARY_BLOCK</P>
  </ExternalFileReference>
  <ExternalFileReference>
    <P Name="Reference">aerolibutil/Quaternion
Rotation</P>
    <P Name="Path">$bdroot/Simulink 3D Animation/Quaternion Rotation</P>
    <P Name="SID">3447</P>
    <P Name="Type">LIBRARY_BLOCK</P>
  </ExternalFileReference>
  <ExternalFileReference>
    <P Name="Reference">aerolibutil/Quaternion
Rotation</P>
    <P Name="Path">$bdroot/Simulink 3D Animation/Quaternion Rotation1</P>
    <P Name="SID">3448</P>
    <P Name="Type">LIBRARY_BLOCK</P>
  </ExternalFileReference>
  <ExternalFileReference>
    <P Name="Reference">aerolibutil/Quaternion
Rotation</P>
    <P Name="Path">$bdroot/Simulink 3D Animation/Quaternion Rotation2</P>
    <P Name="SID">3449</P>
    <P Name="Type">LIBRARY_BLOCK</P>
  </ExternalFileReference>
  <ExternalFileReference>
    <P Name="Reference">asbCubeSatBlockLib/Axes Transformations/Attitude Conversion/Quaternion between
r_a and r_b</P>
    <P Name="Path">$bdroot/Simulink 3D Animation/Quaternion between r_a and r_b</P>
    <P Name="SID">3450</P>
    <P Name="Type">LIBRARY_BLOCK</P>
  </ExternalFileReference>
  <ExternalFileReference>
    <P Name="Reference">aerolibutil/Quaternion
Multiplication</P>
    <P Name="Path">$bdroot/Simulink 3D Animation/Quaternion to VRML/Quaternion Multiplication</P>
    <P Name="SID">3688</P>
    <P Name="Type">LIBRARY_BLOCK</P>
  </ExternalFileReference>
  <ExternalFileReference>
    <P Name="Reference">aerolibutil/Quaternion
Multiplication</P>
    <P Name="Path">$bdroot/Simulink 3D Animation/Quaternion to VRML1/Quaternion Multiplication</P>
    <P Name="SID">3724</P>
    <P Name="Type">LIBRARY_BLOCK</P>
  </ExternalFileReference>
  <ExternalFileReference>
    <P Name="Reference">simulink/Logic and Bit
Operations/Compare
To Constant</P>
    <P Name="Path">$bdroot/Simulink 3D Animation/Radar on//off/Compare To Constant</P>
    <P Name="SID">3472</P>
    <P Name="Type">LIBRARY_BLOCK</P>
  </ExternalFileReference>
  <ExternalFileReference>
    <P Name="Reference">aerolibconvert2/Length Conversion</P>
    <P Name="Path">$bdroot/Simulink 3D Animation/Sat Position to VRML/Length Conversion</P>
    <P Name="SID">3486</P>
    <P Name="Type">LIBRARY_BLOCK</P>
  </ExternalFileReference>
  <ExternalFileReference>
    <P Name="Reference">aerolibcelestial/Planetary Ephemeris</P>
    <P Name="Path">$bdroot/Simulink 3D Animation/Sun Position</P>
    <P Name="SID">3649</P>
    <P Name="Type">LIBRARY_BLOCK</P>
  </ExternalFileReference>
  <ExternalFileReference>
    <P Name="Reference">aerolibconvert2/Length Conversion</P>
    <P Name="Path">$bdroot/Simulink 3D Animation/Sun Position to VRML/Length Conversion</P>
    <P Name="SID">3504</P>
    <P Name="Type">LIBRARY_BLOCK</P>
  </ExternalFileReference>
  <ExternalFileReference>
    <P Name="Reference">aerolibgravity2/Spherical Harmonic Gravity Model</P>
    <P Name="Path">$bdroot/Spherical Harmonic Gravity Model</P>
    <P Name="SID">2925</P>
    <P Name="Type">LIBRARY_BLOCK</P>
  </ExternalFileReference>
  <ExternalFileReference>
    <P Name="Reference">simulink/Sinks/XY Graph</P>
    <P Name="Path">$bdroot/XY Graph</P>
    <P Name="SID">3793</P>
    <P Name="Type">LIBRARY_BLOCK</P>
  </ExternalFileReference>
  <P Name="OrderedModelArguments">1</P>
</GraphicalInterface>
