<?xml version="1.0" encoding="UTF-8"?>
<MF0 version="1.1" defaultPackage="slid" packageUris="http://schema.mathworks.com/mf0/slid/R2019a_20180228">
  <System type="System" uuid="76d7720c-6fe8-43e8-b5df-8a3529f8e1e2">
    <Block type="Block" uuid="2d090f7c-e687-4a10-a1f5-48acea421db5">
      <Sid>2762:54</Sid>
    </Block>
    <Block type="Block" uuid="76f93b7d-bb24-4d64-943a-8f57401b218f">
      <Sid>2762:56</Sid>
    </Block>
    <Block type="Block" uuid="b21ce4ae-011f-4dd4-8bf3-c041a4b1f8d1">
      <Sid>2762:57</Sid>
    </Block>
    <Block type="Block" uuid="a59b90fd-a3fe-4280-b2cb-cb4cdb554e8d">
      <Sid>2762:58</Sid>
    </Block>
    <Block type="Block" uuid="2d6ee55d-503a-4e45-8c71-cc8ca48c9f1d">
      <Sid>2762:59</Sid>
    </Block>
    <Block type="Block" uuid="beb09c9c-8ee3-47f2-b860-b87ad35ddb1c">
      <Sid>2762:60</Sid>
    </Block>
    <Parameter type="Parameter" uuid="b89d5039-650a-4b11-8108-b213f403a9b0">
      <Identifier>aeroCoeff</Identifier>
      <Name>aeroCoeff</Name>
    </Parameter>
    <Parameter type="Parameter" uuid="2666066d-264a-44d1-8eb0-3c126ecee16d">
      <Identifier>environment</Identifier>
      <Name>environment</Name>
    </Parameter>
    <Parameter type="Parameter" uuid="e63ed7bd-958d-4595-b105-c07aac3e7f3d">
      <Identifier>initCond</Identifier>
      <Name>initCond</Name>
    </Parameter>
    <Parameter type="Parameter" uuid="ada6d581-f7fa-42c6-ad56-0bcafbea0d0b">
      <Identifier>inputs0</Identifier>
      <Name>inputs0</Name>
    </Parameter>
    <Parameter type="Parameter" uuid="9f187a83-8b3d-4092-9f71-252ad2948736">
      <Identifier>vehicle</Identifier>
      <Name>vehicle</Name>
    </Parameter>
    <Interface type="Interface" uuid="76826fbf-2594-4d44-88d1-9aa28c60afb2"/>
  </System>
</MF0>