<?xml version="1.0" encoding="UTF-8"?>
<sltp_editor version="1.1" packageUris="http://schema.mathworks.com/mf0/DiagramEditor/R2019a_20181107 http://schema.mathworks.com/mf0/SltpSyntax/R2019b_201903011129">
  <diagram.editor.model.Diagram type="diagram.editor.model.Diagram" uuid="3b00076f-060f-4f3c-be9e-72ce1dd7e628">
    <syntaxElement type="sltp.mm.syntax.Graph" uuid="cfaade2c-8531-4097-ba44-7adc019db08a"/>
    <title>Default</title>
    <type>graph.Graph</type>
  </diagram.editor.model.Diagram>
  <sltp.mm.syntax.Context type="sltp.mm.syntax.Context" uuid="162c362f-0c1b-4ec5-9c96-142b5bd4b522">
    <rootGraph type="sltp.mm.syntax.Graph" uuid="cfaade2c-8531-4097-ba44-7adc019db08a">
      <priorityDirection>HighNumberFirst</priorityDirection>
      <title>Default</title>
      <diagramElement type="diagram.editor.model.Diagram" uuid="3b00076f-060f-4f3c-be9e-72ce1dd7e628"/>
    </rootGraph>
  </sltp.mm.syntax.Context>
</sltp_editor>