<?xml version="1.0" encoding="UTF-8"?>
<sltp_graph version="1.1" packageUris="http://schema.mathworks.com/mf0/sltp_mm/R2019b_201903251320">
  <sltp.mm.core.Context type="sltp.mm.core.Context" uuid="b898e119-f560-41a1-92d1-5efe83408fbe">
    <editorState type="sltp.mm.core.EditorState" uuid="d36985d6-39db-430e-a3d8-ebe2dd5c77e3"/>
    <rootTask type="sltp.mm.core.Task" uuid="33e0a9cc-c76e-4084-af82-05dc130aea6f">
      <context type="sltp.mm.core.Context" uuid="b898e119-f560-41a1-92d1-5efe83408fbe"/>
      <explicit>false</explicit>
      <name>Default</name>
      <priority>-2147483648</priority>
      <subgraph type="sltp.mm.core.Graph" uuid="0260c478-280e-4e0b-baa5-e9cc7287555c"/>
    </rootTask>
  </sltp.mm.core.Context>
</sltp_graph>